topic,url,content
APL - aide au logement,https://www.service-public.fr/particuliers/vosdroits/F12006,"Ajoutez cette page à vos favoris etrecevez un emaildès que l’information «Aide personnalisée au logement (APL)» est mise à jour.
Vous recevrezun emaildès que la page «Aide personnalisée au logement (APL)» sera mise à jour.
Vous pouvez à tout moment supprimer votre abonnement dansmon compte > mes alertes.
Vous devez vous connecter à votre espace personnel afin de vous abonner à la mise à jour de cette page.
Pour vous abonner aux mises à jour des pages service-public.fr,vous devez activer votre
        espace personnel."
Carte Vitale,https://www.ameli.fr/assure/remboursements/tiers-payant/carte-vitale,La page que vous recherchez est introuvable.Veuillez nous excuser pour la gêne occasionnée.
Demande RSA,https://www.service-public.fr/particuliers/vosdroits/F1966,"Ajoutez cette page à vos favoris etrecevez un emaildès que l’information «Quelle est la date du prochain renouvellement des conseils de prud'hommes ?» est mise à jour.
Vous recevrezun emaildès que la page «Quelle est la date du prochain renouvellement des conseils de prud'hommes ?» sera mise à jour.
Vous pouvez à tout moment supprimer votre abonnement dansmon compte > mes alertes.
Vous devez vous connecter à votre espace personnel afin de vous abonner à la mise à jour de cette page.
Pour vous abonner aux mises à jour des pages service-public.fr,vous devez activer votre
        espace personnel."
Titre de séjour,https://www.service-public.fr/particuliers/vosdroits/F16003,"Ajoutez cette page à vos favoris etrecevez un emaildès que l’information «Carte de séjour d'un travailleur citoyen UE/EEE/Suisse» est mise à jour.
Vous recevrezun emaildès que la page «Carte de séjour d'un travailleur citoyen UE/EEE/Suisse» sera mise à jour.
Vous pouvez à tout moment supprimer votre abonnement dansmon compte > mes alertes.
Vous devez vous connecter à votre espace personnel afin de vous abonner à la mise à jour de cette page.
Pour vous abonner aux mises à jour des pages service-public.fr,vous devez activer votre
        espace personnel."
